Type,URL
Page,https://www.evcng.com/
Page,https://www.evcng.com/portfolio
Page,https://www.evcng.com/why-us
Page,https://www.evcng.com/evc-blog
Page,https://www.evcng.com/book-inspection
Page,https://www.evcng.com/buy-land
Page,https://www.evcng.com/build-projects
Page,https://www.evcng.com/investment
Page,https://www.evcng.com/riyadh-golf-city
Image,https://framerusercontent.com/images/Ocs5ycFPrY1OrwO0VlsaYGvY.png
Image,https://framerusercontent.com/images/Gjfkt9gLcu7KqRxModjFyuVWPL8.png
Image,https://framerusercontent.com/images/WQunsHe9RfGd3UmaLs3zIiEukI.jpg
Image,https://framerusercontent.com/images/LLnNJeSY6iHRTthOjrXvmjvM.png
Image,https://framerusercontent.com/images/JmYBeSFVfxhO0sgh6RbyintyfRk.webp
Image,https://framerusercontent.com/images/8Df8LiYYa8qmBi2n3SCmP2mbkM.png
Image,https://framerusercontent.com/images/yQmZ3OgxZvTlhYv7AZb5gl5D5ms.png
Image,https://framerusercontent.com/images/gNSTct2XnXLQC5B6jpxgUrko4Rw.svg
Image,https://framerusercontent.com/images/JFD0guI8R8nHFLaA1vHc907n5FQ.png?scale-down-to=512
Image,https://framerusercontent.com/images/umCTVUWaf1az69Po7vqadL7A2r4.jpg?scale-down-to=1024
Image,https://framerusercontent.com/images/v5zzfDLItaj4gx4tVGVG2oO5Pg4.jpeg?scale-down-to=1024
Image,https://framerusercontent.com/images/WkOYK2QUIuSu6LN3dVWHPLzqY1o.jpeg?scale-down-to=1024
Image,https://framerusercontent.com/images/Xa4WRGXKpSavAXyDzkse9dnWcaw.png
Image,https://framerusercontent.com/images/XsagG8P20f1jElhw1uZ5YxltiE.webp
Image,https://framerusercontent.com/images/Q8zNjdKTptblR8JvbgscuApwzc.png
Image,https://framerusercontent.com/images/JLOv3dBORetS3V2IQIKcbI589S0.webp
Image,https://framerusercontent.com/images/ReaOWSs2JY8Z72hRjmgcq2z0WCY.png
Image,https://framerusercontent.com/images/m2jRtVCT541asDOtKGlo39N0iU.jpeg
Image,https://framerusercontent.com/images/xYyY11luTZeLU1yzMa4h6NFY.png
Image,https://framerusercontent.com/images/QslNiBw3TuDnuVQSlmNWtClNo.png
Image,https://framerusercontent.com/images/LX6N1DZ5nY1yUl5k1ffqFhG7f0.png
Image,https://framerusercontent.com/images/NmvXQAy482TUCcgEgBJMFz6pE.png
Image,https://framerusercontent.com/images/hbx0yes57pRLhSZSIA6p4c8Cq8.png
Image,https://framerusercontent.com/images/YgTbVgaJ3FOkLRv4lhSdRHsAUno.png
Image,https://framerusercontent.com/images/Q3vyFl7wPcvUjck3g7Z6jBrRyfo.svg
Image,https://framerusercontent.com/images/Un8VtCoWWdVwqKgXpSjwy0hj4.svg
Image,https://framerusercontent.com/images/M3Cq5s8YdZPNvVcXLQO4DK6L8.svg
Image,https://framerusercontent.com/images/TPMW2nlPZ9OfUDTLhoGW9pY9U.svg
Image,https://framerusercontent.com/images/g4IdgARc2d4JAYArLFvXmuRWM.svg
Image,https://framerusercontent.com/images/6H8417z9DFJxZhuzFzdarPAI.png
Image,https://framerusercontent.com/images/yQmZ3OgxZvTlhYv7AZb5gl5D5ms.png?scale-down-to=1024
Image,https://framerusercontent.com/images/fyr8aC99O6h1oFvjjnOef47qI.png
Image,https://framerusercontent.com/images/muiJ09qW6MPVwhdBWtKvIdvdWs.png
Image,https://framerusercontent.com/images/6tTbkXggWgQCAJ4DO2QEdXXmgM.svg
Image,https://framerusercontent.com/images/11KSGbIZoRSg4pjdnUoif6MKHI.svg
Image,https://framerusercontent.com/images/OYaVJPu5K5cv3Whi6KX8Lvw20.png
Image,https://framerusercontent.com/images/yRSlun4yNGMrd70oBwWFAiPRe8A.svg
Image,https://framerusercontent.com/images/8RnPXwP8wtecEf8Izwvw8y8d0U.svg
Image,https://framerusercontent.com/images/PqZa0FsbZMhbbKr0NwZyz94FZo.svg
Image,https://framerusercontent.com/images/BRz1HLQeFiLD2mVM4NCA1VyPK4.png
Image,https://framerusercontent.com/images/HlLtgy2V8Xgjlmvud6hmRXJxqI.svg
Script,https://events.framer.com/script?v=2
Script,https://framerusercontent.com/sites/11tGxjLCtxzr87GgU8XOsz/script_main.XHTZWVQC.mjs
Script,https://static.cloudflareinsights.com/beacon.min.js/vcd15cbe7772f49c399c6a5babf22c1241717689176015